Workbook

Sheet Input Harian
A1: MONITORING SAMPAH PASCA DISTRIBUSI MBG - ANALISIS OTOMATIS PER ITEM
A3: Ambang Serapan | B3: =Panduan!B4 -> 0.8 | D3: Ambang Maks. Sampah | E3: =Panduan!B5 -> 0.2 | G3: Keterangan | H3: Status "Terserap" jika % Serapan >= 80% atau % Sampah <= 20%
A4: Informasi Hari | D4: Nama Menu | I4: Operasional | J4: Nasi | O4: Protein Hewani | T4: Sayur | Y4: Protein Nabati | AD4: Buah | AI4: Ringkasan Total
A5: No | B5: Tanggal | C5: Hari | D5: Menu Nasi | E5: Menu Protein Hewani | F5: Menu Sayur | G5: Menu Protein Nabati | H5: Menu Buah | I5: Jumlah Porsi | J5: Pemakaian Nasi (kg) | K5: Sampah Nasi (kg) | L5: % Sampah Nasi | M5: % Serapan Nasi | N5: Status Nasi | O5: Pemakaian Protein Hewani (kg) | P5: Sampah Protein Hewani (kg) | Q5: % Sampah Protein Hewani | R5: % Serapan Protein Hewani | S5: Status Protein Hewani | T5: Pemakaian Sayur (kg) | U5: Sampah Sayur (kg) | V5: % Sampah Sayur | W5: % Serapan Sayur | X5: Status Sayur | Y5: Pemakaian Protein Nabati (kg) | Z5: Sampah Protein Nabati (kg) | AA5: % Sampah Protein Nabati | AB5: % Serapan Protein Nabati | AC5: Status Protein Nabati | AD5: Pemakaian Buah (kg) | AE5: Sampah Buah (kg) | AF5: % Sampah Buah | AG5: % Serapan Buah | AH5: Status Buah | AI5: Total Pemakaian (kg) | AJ5: Total Sampah (kg) | AK5: % Sampah Total | AL5: % Serapan Total | AM5: Status Total
A6: =IF(B6="","",ROW()-6) -> 0 | B6: 46121 | C6: =IF(B6="","",CHOOSE(WEEKDAY(B6),"Minggu","Senin","Selasa","Rabu","Kamis","Jumat","Sabtu")) -> Kamis | D6: Nasi Putih | E6: Telur | F6: Sayur Tumis | G6: Tempe | H6: Pisang | I6: 3375 | J6: 210 | K6: 30 | L6: =IF(OR(J6="",K6="",J6=0),"",K6/J6) -> 0.14285714 | M6: =IF(L6="","",1-L6) -> 0.85714286 | N6: =IF(M6="","",IF(M6>=Panduan!$B$4,"Terserap","Perlu Evaluasi")) -> Terserap | O6: 150 | P6: 20 | Q6: =IF(OR(O6="",P6="",O6=0),"",P6/O6) -> 0.13333333 | R6: =IF(Q6="","",1-Q6) -> 0.86666667 | S6: =IF(R6="","",IF(R6>=Panduan!$B$4,"Terserap","Perlu Evaluasi")) -> Terserap | T6: 200 | U6: 40 | V6: =IF(OR(T6="",U6="",T6=0),"",U6/T6) -> 0.2 | W6: =IF(V6="","",1-V6) -> 0.8 | X6: =IF(W6="","",IF(W6>=Panduan!$B$4,"Terserap","Perlu Evaluasi")) -> Terserap | Y6: 83 | Z6: 2 | AA6: =IF(OR(Y6="",Z6="",Y6=0),"",Z6/Y6) -> 0.024096386 | AB6: =IF(AA6="","",1-AA6) -> 0.97590361 | AC6: =IF(AB6="","",IF(AB6>=Panduan!$B$4,"Terserap","Perlu Evaluasi")) -> Terserap | AD6: 200 | AE6: 0 | AF6: =IF(OR(AD6="",AE6="",AD6=0),"",AE6/AD6) -> 0 | AG6: =IF(AF6="","",1-AF6) -> 1 | AH6: =IF(AG6="","",IF(AG6>=Panduan!$B$4,"Terserap","Perlu Evaluasi")) -> Terserap | AI6: =IF(COUNTA(J6,O6,T6,Y6,AD6)=0,"",SUM(J6,O6,T6,Y6,AD6)) -> 843 | AJ6: =IF(COUNTA(K6,P6,U6,Z6,AE6)=0,"",SUM(K6,P6,U6,Z6,AE6)) -> 92 | AK6: =IF(OR(AI6="",AJ6="",AI6=0),"",AJ6/AI6) -> 0.10913405 | AL6: =IF(AK6="","",1-AK6) -> 0.89086595 | AM6: =IF(AL6="","",IF(AL6>=Panduan!$B$4,"Terserap","Perlu Evaluasi")) -> Terserap
A7: =IF(B7="","",ROW()-6) -> 1 | B7: 46122 | C7: =IF(B7="","",CHOOSE(WEEKDAY(B7),"Minggu","Senin","Selasa","Rabu","Kamis","Jumat","Sabtu")) -> Jumat | D7: Nasi Putih | E7: Telur | F7: Sayur Tumis | G7: Tempe | H7: Pisang | I7: 3375 | J7: 210 | K7: 30 | L7: =IF(OR(J7="",K7="",J7=0),"",K7/J7) -> 0.14285714 | M7: =IF(L7="","",1-L7) -> 0.85714286 | N7: =IF(M7="","",IF(M7>=Panduan!$B$4,"Terserap","Perlu Evaluasi")) -> Terserap | Q7: =IF(OR(O7="",P7="",O7=0),"",P7/O7) | R7: =IF(Q7="","",1-Q7) | S7: =IF(R7="","",IF(R7>=Panduan!$B$4,"Terserap","Perlu Evaluasi")) | V7: =IF(OR(T7="",U7="",T7=0),"",U7/T7) | W7: =IF(V7="","",1-V7) | X7: =IF(W7="","",IF(W7>=Panduan!$B$4,"Terserap","Perlu Evaluasi")) | AA7: =IF(OR(Y7="",Z7="",Y7=0),"",Z7/Y7) | AB7: =IF(AA7="","",1-AA7) | AC7: =IF(AB7="","",IF(AB7>=Panduan!$B$4,"Terserap","Perlu Evaluasi")) | AF7: =IF(OR(AD7="",AE7="",AD7=0),"",AE7/AD7) | AG7: =IF(AF7="","",1-AF7) | AH7: =IF(AG7="","",IF(AG7>=Panduan!$B$4,"Terserap","Perlu Evaluasi")) | AI7: =IF(COUNTA(J7,O7,T7,Y7,AD7)=0,"",SUM(J7,O7,T7,Y7,AD7)) -> 210 | AJ7: =IF(COUNTA(K7,P7,U7,Z7,AE7)=0,"",SUM(K7,P7,U7,Z7,AE7)) -> 30 | AK7: =IF(OR(AI7="",AJ7="",AI7=0),"",AJ7/AI7) -> 0.14285714 | AL7: =IF(AK7="","",1-AK7) -> 0.85714286 | AM7: =IF(AL7="","",IF(AL7>=Panduan!$B$4,"Terserap","Perlu Evaluasi")) -> Terserap
A8: =IF(B8="","",ROW()-6) -> 2 | B8: 46123 | C8: =IF(B8="","",CHOOSE(WEEKDAY(B8),"Minggu","Senin","Selasa","Rabu","Kamis","Jumat","Sabtu")) -> Sabtu | L8: =IF(OR(J8="",K8="",J8=0),"",K8/J8) | M8: =IF(L8="","",1-L8) | N8: =IF(M8="","",IF(M8>=Panduan!$B$4,"Terserap","Perlu Evaluasi")) | Q8: =IF(OR(O8="",P8="",O8=0),"",P8/O8) | R8: =IF(Q8="","",1-Q8) | S8: =IF(R8="","",IF(R8>=Panduan!$B$4,"Terserap","Perlu Evaluasi")) | V8: =IF(OR(T8="",U8="",T8=0),"",U8/T8) | W8: =IF(V8="","",1-V8) | X8: =IF(W8="","",IF(W8>=Panduan!$B$4,"Terserap","Perlu Evaluasi")) | AA8: =IF(OR(Y8="",Z8="",Y8=0),"",Z8/Y8) | AB8: =IF(AA8="","",1-AA8) | AC8: =IF(AB8="","",IF(AB8>=Panduan!$B$4,"Terserap","Perlu Evaluasi")) | AF8: =IF(OR(AD8="",AE8="",AD8=0),"",AE8/AD8) | AG8: =IF(AF8="","",1-AF8) | AH8: =IF(AG8="","",IF(AG8>=Panduan!$B$4,"Terserap","Perlu Evaluasi")) | AI8: =IF(COUNTA(J8,O8,T8,Y8,AD8)=0,"",SUM(J8,O8,T8,Y8,AD8)) | AJ8: =IF(COUNTA(K8,P8,U8,Z8,AE8)=0,"",SUM(K8,P8,U8,Z8,AE8)) | AK8: =IF(OR(AI8="",AJ8="",AI8=0),"",AJ8/AI8) | AL8: =IF(AK8="","",1-AK8) | AM8: =IF(AL8="","",IF(AL8>=Panduan!$B$4,"Terserap","Perlu Evaluasi"))
A9: =IF(B9="","",ROW()-6) -> 3 | B9: 46125 | C9: =IF(B9="","",CHOOSE(WEEKDAY(B9),"Minggu","Senin","Selasa","Rabu","Kamis","Jumat","Sabtu")) -> Senin | I9: 3377 | J9: 220 | K9: 30 | L9: =IF(OR(J9="",K9="",J9=0),"",K9/J9) -> 0.13636364 | M9: =IF(L9="","",1-L9) -> 0.86363636 | N9: =IF(M9="","",IF(M9>=Panduan!$B$4,"Terserap","Perlu Evaluasi")) -> Terserap | Q9: =IF(OR(O9="",P9="",O9=0),"",P9/O9) | R9: =IF(Q9="","",1-Q9) | S9: =IF(R9="","",IF(R9>=Panduan!$B$4,"Terserap","Perlu Evaluasi")) | V9: =IF(OR(T9="",U9="",T9=0),"",U9/T9) | W9: =IF(V9="","",1-V9) | X9: =IF(W9="","",IF(W9>=Panduan!$B$4,"Terserap","Perlu Evaluasi")) | AA9: =IF(OR(Y9="",Z9="",Y9=0),"",Z9/Y9) | AB9: =IF(AA9="","",1-AA9) | AC9: =IF(AB9="","",IF(AB9>=Panduan!$B$4,"Terserap","Perlu Evaluasi")) | AF9: =IF(OR(AD9="",AE9="",AD9=0),"",AE9/AD9) | AG9: =IF(AF9="","",1-AF9) | AH9: =IF(AG9="","",IF(AG9>=Panduan!$B$4,"Terserap","Perlu Evaluasi")) | AI9: =IF(COUNTA(J9,O9,T9,Y9,AD9)=0,"",SUM(J9,O9,T9,Y9,AD9)) -> 220 | AJ9: =IF(COUNTA(K9,P9,U9,Z9,AE9)=0,"",SUM(K9,P9,U9,Z9,AE9)) -> 30 | AK9: =IF(OR(AI9="",AJ9="",AI9=0),"",AJ9/AI9) -> 0.13636364 | AL9: =IF(AK9="","",1-AK9) -> 0.86363636 | AM9: =IF(AL9="","",IF(AL9>=Panduan!$B$4,"Terserap","Perlu Evaluasi")) -> Terserap
A10: =IF(B10="","",ROW()-6) -> 4 | B10: 46121 | C10: =IF(B10="","",CHOOSE(WEEKDAY(B10),"Minggu","Senin","Selasa","Rabu","Kamis","Jumat","Sabtu")) -> Kamis | L10: =IF(OR(J10="",K10="",J10=0),"",K10/J10) | M10: =IF(L10="","",1-L10) | N10: =IF(M10="","",IF(M10>=Panduan!$B$4,"Terserap","Perlu Evaluasi")) | Q10: =IF(OR(O10="",P10="",O10=0),"",P10/O10) | R10: =IF(Q10="","",1-Q10) | S10: =IF(R10="","",IF(R10>=Panduan!$B$4,"Terserap","Perlu Evaluasi")) | V10: =IF(OR(T10="",U10="",T10=0),"",U10/T10) | W10: =IF(V10="","",1-V10) | X10: =IF(W10="","",IF(W10>=Panduan!$B$4,"Terserap","Perlu Evaluasi")) | AA10: =IF(OR(Y10="",Z10="",Y10=0),"",Z10/Y10) | AB10: =IF(AA10="","",1-AA10) | AC10: =IF(AB10="","",IF(AB10>=Panduan!$B$4,"Terserap","Perlu Evaluasi")) | AF10: =IF(OR(AD10="",AE10="",AD10=0),"",AE10/AD10) | AG10: =IF(AF10="","",1-AF10) | AH10: =IF(AG10="","",IF(AG10>=Panduan!$B$4,"Terserap","Perlu Evaluasi")) | AI10: =IF(COUNTA(J10,O10,T10,Y10,AD10)=0,"",SUM(J10,O10,T10,Y10,AD10)) | AJ10: =IF(COUNTA(K10,P10,U10,Z10,AE10)=0,"",SUM(K10,P10,U10,Z10,AE10)) | AK10: =IF(OR(AI10="",AJ10="",AI10=0),"",AJ10/AI10) | AL10: =IF(AK10="","",1-AK10) | AM10: =IF(AL10="","",IF(AL10>=Panduan!$B$4,"Terserap","Perlu Evaluasi"))
A11: =IF(B11="","",ROW()-6) | C11: =IF(B11="","",CHOOSE(WEEKDAY(B11),"Minggu","Senin","Selasa","Rabu","Kamis","Jumat","Sabtu")) | L11: =IF(OR(J11="",K11="",J11=0),"",K11/J11) | M11: =IF(L11="","",1-L11) | N11: =IF(M11="","",IF(M11>=Panduan!$B$4,"Terserap","Perlu Evaluasi")) | Q11: =IF(OR(O11="",P11="",O11=0),"",P11/O11) | R11: =IF(Q11="","",1-Q11) | S11: =IF(R11="","",IF(R11>=Panduan!$B$4,"Terserap","Perlu Evaluasi")) | V11: =IF(OR(T11="",U11="",T11=0),"",U11/T11) | W11: =IF(V11="","",1-V11) | X11: =IF(W11="","",IF(W11>=Panduan!$B$4,"Terserap","Perlu Evaluasi")) | AA11: =IF(OR(Y11="",Z11="",Y11=0),"",Z11/Y11) | AB11: =IF(AA11="","",1-AA11) | AC11: =IF(AB11="","",IF(AB11>=Panduan!$B$4,"Terserap","Perlu Evaluasi")) | AF11: =IF(OR(AD11="",AE11="",AD11=0),"",AE11/AD11) | AG11: =IF(AF11="","",1-AF11) | AH11: =IF(AG11="","",IF(AG11>=Panduan!$B$4,"Terserap","Perlu Evaluasi")) | AI11: =IF(COUNTA(J11,O11,T11,Y11,AD11)=0,"",SUM(J11,O11,T11,Y11,AD11)) | AJ11: =IF(COUNTA(K11,P11,U11,Z11,AE11)=0,"",SUM(K11,P11,U11,Z11,AE11)) | AK11: =IF(OR(AI11="",AJ11="",AI11=0),"",AJ11/AI11) | AL11: =IF(AK11="","",1-AK11) | AM11: =IF(AL11="","",IF(AL11>=Panduan!$B$4,"Terserap","Perlu Evaluasi"))
A12: =IF(B12="","",ROW()-6) | C12: =IF(B12="","",CHOOSE(WEEKDAY(B12),"Minggu","Senin","Selasa","Rabu","Kamis","Jumat","Sabtu")) | L12: =IF(OR(J12="",K12="",J12=0),"",K12/J12) | M12: =IF(L12="","",1-L12) | N12: =IF(M12="","",IF(M12>=Panduan!$B$4,"Terserap","Perlu Evaluasi")) | Q12: =IF(OR(O12="",P12="",O12=0),"",P12/O12) | R12: =IF(Q12="","",1-Q12) | S12: =IF(R12="","",IF(R12>=Panduan!$B$4,"Terserap","Perlu Evaluasi")) | V12: =IF(OR(T12="",U12="",T12=0),"",U12/T12) | W12: =IF(V12="","",1-V12) | X12: =IF(W12="","",IF(W12>=Panduan!$B$4,"Terserap","Perlu Evaluasi")) | AA12: =IF(OR(Y12="",Z12="",Y12=0),"",Z12/Y12) | AB12: =IF(AA12="","",1-AA12) | AC12: =IF(AB12="","",IF(AB12>=Panduan!$B$4,"Terserap","Perlu Evaluasi")) | AF12: =IF(OR(AD12="",AE12="",AD12=0),"",AE12/AD12) | AG12: =IF(AF12="","",1-AF12) | AH12: =IF(AG12="","",IF(AG12>=Panduan!$B$4,"Terserap","Perlu Evaluasi")) | AI12: =IF(COUNTA(J12,O12,T12,Y12,AD12)=0,"",SUM(J12,O12,T12,Y12,AD12)) | AJ12: =IF(COUNTA(K12,P12,U12,Z12,AE12)=0,"",SUM(K12,P12,U12,Z12,AE12)) | AK12: =IF(OR(AI12="",AJ12="",AI12=0),"",AJ12/AI12) | AL12: =IF(AK12="","",1-AK12) | AM12: =IF(AL12="","",IF(AL12>=Panduan!$B$4,"Terserap","Perlu Evaluasi"))
A13: =IF(B13="","",ROW()-6) | C13: =IF(B13="","",CHOOSE(WEEKDAY(B13),"Minggu","Senin","Selasa","Rabu","Kamis","Jumat","Sabtu")) | L13: =IF(OR(J13="",K13="",J13=0),"",K13/J13) | M13: =IF(L13="","",1-L13) | N13: =IF(M13="","",IF(M13>=Panduan!$B$4,"Terserap","Perlu Evaluasi")) | Q13: =IF(OR(O13="",P13="",O13=0),"",P13/O13) | R13: =IF(Q13="","",1-Q13) | S13: =IF(R13="","",IF(R13>=Panduan!$B$4,"Terserap","Perlu Evaluasi")) | V13: =IF(OR(T13="",U13="",T13=0),"",U13/T13) | W13: =IF(V13="","",1-V13) | X13: =IF(W13="","",IF(W13>=Panduan!$B$4,"Terserap","Perlu Evaluasi")) | AA13: =IF(OR(Y13="",Z13="",Y13=0),"",Z13/Y13) | AB13: =IF(AA13="","",1-AA13) | AC13: =IF(AB13="","",IF(AB13>=Panduan!$B$4,"Terserap","Perlu Evaluasi")) | AF13: =IF(OR(AD13="",AE13="",AD13=0),"",AE13/AD13) | AG13: =IF(AF13="","",1-AF13) | AH13: =IF(AG13="","",IF(AG13>=Panduan!$B$4,"Terserap","Perlu Evaluasi")) | AI13: =IF(COUNTA(J13,O13,T13,Y13,AD13)=0,"",SUM(J13,O13,T13,Y13,AD13)) | AJ13: =IF(COUNTA(K13,P13,U13,Z13,AE13)=0,"",SUM(K13,P13,U13,Z13,AE13)) | AK13: =IF(OR(AI13="",AJ13="",AI13=0),"",AJ13/AI13) | AL13: =IF(AK13="","",1-AK13) | AM13: =IF(AL13="","",IF(AL13>=Panduan!$B$4,"Terserap","Perlu Evaluasi"))
A14: =IF(B14="","",ROW()-6) | C14: =IF(B14="","",CHOOSE(WEEKDAY(B14),"Minggu","Senin","Selasa","Rabu","Kamis","Jumat","Sabtu")) | L14: =IF(OR(J14="",K14="",J14=0),"",K14/J14) | M14: =IF(L14="","",1-L14) | N14: =IF(M14="","",IF(M14>=Panduan!$B$4,"Terserap","Perlu Evaluasi")) | Q14: =IF(OR(O14="",P14="",O14=0),"",P14/O14) | R14: =IF(Q14="","",1-Q14) | S14: =IF(R14="","",IF(R14>=Panduan!$B$4,"Terserap","Perlu Evaluasi")) | V14: =IF(OR(T14="",U14="",T14=0),"",U14/T14) | W14: =IF(V14="","",1-V14) | X14: =IF(W14="","",IF(W14>=Panduan!$B$4,"Terserap","Perlu Evaluasi")) | AA14: =IF(OR(Y14="",Z14="",Y14=0),"",Z14/Y14) | AB14: =IF(AA14="","",1-AA14) | AC14: =IF(AB14="","",IF(AB14>=Panduan!$B$4,"Terserap","Perlu Evaluasi")) | AF14: =IF(OR(AD14="",AE14="",AD14=0),"",AE14/AD14) | AG14: =IF(AF14="","",1-AF14) | AH14: =IF(AG14="","",IF(AG14>=Panduan!$B$4,"Terserap","Perlu Evaluasi")) | AI14: =IF(COUNTA(J14,O14,T14,Y14,AD14)=0,"",SUM(J14,O14,T14,Y14,AD14)) | AJ14: =IF(COUNTA(K14,P14,U14,Z14,AE14)=0,"",SUM(K14,P14,U14,Z14,AE14)) | AK14: =IF(OR(AI14="",AJ14="",AI14=0),"",AJ14/AI14) | AL14: =IF(AK14="","",1-AK14) | AM14: =IF(AL14="","",IF(AL14>=Panduan!$B$4,"Terserap","Perlu Evaluasi"))
A15: =IF(B15="","",ROW()-6) | C15: =IF(B15="","",CHOOSE(WEEKDAY(B15),"Minggu","Senin","Selasa","Rabu","Kamis","Jumat","Sabtu")) | L15: =IF(OR(J15="",K15="",J15=0),"",K15/J15) | M15: =IF(L15="","",1-L15) | N15: =IF(M15="","",IF(M15>=Panduan!$B$4,"Terserap","Perlu Evaluasi")) | Q15: =IF(OR(O15="",P15="",O15=0),"",P15/O15) | R15: =IF(Q15="","",1-Q15) | S15: =IF(R15="","",IF(R15>=Panduan!$B$4,"Terserap","Perlu Evaluasi")) | V15: =IF(OR(T15="",U15="",T15=0),"",U15/T15) | W15: =IF(V15="","",1-V15) | X15: =IF(W15="","",IF(W15>=Panduan!$B$4,"Terserap","Perlu Evaluasi")) | AA15: =IF(OR(Y15="",Z15="",Y15=0),"",Z15/Y15) | AB15: =IF(AA15="","",1-AA15) | AC15: =IF(AB15="","",IF(AB15>=Panduan!$B$4,"Terserap","Perlu Evaluasi")) | AF15: =IF(OR(AD15="",AE15="",AD15=0),"",AE15/AD15) | AG15: =IF(AF15="","",1-AF15) | AH15: =IF(AG15="","",IF(AG15>=Panduan!$B$4,"Terserap","Perlu Evaluasi")) | AI15: =IF(COUNTA(J15,O15,T15,Y15,AD15)=0,"",SUM(J15,O15,T15,Y15,AD15)) | AJ15: =IF(COUNTA(K15,P15,U15,Z15,AE15)=0,"",SUM(K15,P15,U15,Z15,AE15)) | AK15: =IF(OR(AI15="",AJ15="",AI15=0),"",AJ15/AI15) | AL15: =IF(AK15="","",1-AK15) | AM15: =IF(AL15="","",IF(AL15>=Panduan!$B$4,"Terserap","Perlu Evaluasi"))
A16: =IF(B16="","",ROW()-6) | C16: =IF(B16="","",CHOOSE(WEEKDAY(B16),"Minggu","Senin","Selasa","Rabu","Kamis","Jumat","Sabtu")) | L16: =IF(OR(J16="",K16="",J16=0),"",K16/J16) | M16: =IF(L16="","",1-L16) | N16: =IF(M16="","",IF(M16>=Panduan!$B$4,"Terserap","Perlu Evaluasi")) | Q16: =IF(OR(O16="",P16="",O16=0),"",P16/O16) | R16: =IF(Q16="","",1-Q16) | S16: =IF(R16="","",IF(R16>=Panduan!$B$4,"Terserap","Perlu Evaluasi")) | V16: =IF(OR(T16="",U16="",T16=0),"",U16/T16) | W16: =IF(V16="","",1-V16) | X16: =IF(W16="","",IF(W16>=Panduan!$B$4,"Terserap","Perlu Evaluasi")) | AA16: =IF(OR(Y16="",Z16="",Y16=0),"",Z16/Y16) | AB16: =IF(AA16="","",1-AA16) | AC16: =IF(AB16="","",IF(AB16>=Panduan!$B$4,"Terserap","Perlu Evaluasi")) | AF16: =IF(OR(AD16="",AE16="",AD16=0),"",AE16/AD16) | AG16: =IF(AF16="","",1-AF16) | AH16: =IF(AG16="","",IF(AG16>=Panduan!$B$4,"Terserap","Perlu Evaluasi")) | AI16: =IF(COUNTA(J16,O16,T16,Y16,AD16)=0,"",SUM(J16,O16,T16,Y16,AD16)) | AJ16: =IF(COUNTA(K16,P16,U16,Z16,AE16)=0,"",SUM(K16,P16,U16,Z16,AE16)) | AK16: =IF(OR(AI16="",AJ16="",AI16=0),"",AJ16/AI16) | AL16: =IF(AK16="","",1-AK16) | AM16: =IF(AL16="","",IF(AL16>=Panduan!$B$4,"Terserap","Perlu Evaluasi"))
A17: =IF(B17="","",ROW()-6) | C17: =IF(B17="","",CHOOSE(WEEKDAY(B17),"Minggu","Senin","Selasa","Rabu","Kamis","Jumat","Sabtu")) | L17: =IF(OR(J17="",K17="",J17=0),"",K17/J17) | M17: =IF(L17="","",1-L17) | N17: =IF(M17="","",IF(M17>=Panduan!$B$4,"Terserap","Perlu Evaluasi")) | Q17: =IF(OR(O17="",P17="",O17=0),"",P17/O17) | R17: =IF(Q17="","",1-Q17) | S17: =IF(R17="","",IF(R17>=Panduan!$B$4,"Terserap","Perlu Evaluasi")) | V17: =IF(OR(T17="",U17="",T17=0),"",U17/T17) | W17: =IF(V17="","",1-V17) | X17: =IF(W17="","",IF(W17>=Panduan!$B$4,"Terserap","Perlu Evaluasi")) | AA17: =IF(OR(Y17="",Z17="",Y17=0),"",Z17/Y17) | AB17: =IF(AA17="","",1-AA17) | AC17: =IF(AB17="","",IF(AB17>=Panduan!$B$4,"Terserap","Perlu Evaluasi")) | AF17: =IF(OR(AD17="",AE17="",AD17=0),"",AE17/AD17) | AG17: =IF(AF17="","",1-AF17) | AH17: =IF(AG17="","",IF(AG17>=Panduan!$B$4,"Terserap","Perlu Evaluasi")) | AI17: =IF(COUNTA(J17,O17,T17,Y17,AD17)=0,"",SUM(J17,O17,T17,Y17,AD17)) | AJ17: =IF(COUNTA(K17,P17,U17,Z17,AE17)=0,"",SUM(K17,P17,U17,Z17,AE17)) | AK17: =IF(OR(AI17="",AJ17="",AI17=0),"",AJ17/AI17) | AL17: =IF(AK17="","",1-AK17) | AM17: =IF(AL17="","",IF(AL17>=Panduan!$B$4,"Terserap","Perlu Evaluasi"))
A18: =IF(B18="","",ROW()-6) | C18: =IF(B18="","",CHOOSE(WEEKDAY(B18),"Minggu","Senin","Selasa","Rabu","Kamis","Jumat","Sabtu")) | L18: =IF(OR(J18="",K18="",J18=0),"",K18/J18) | M18: =IF(L18="","",1-L18) | N18: =IF(M18="","",IF(M18>=Panduan!$B$4,"Terserap","Perlu Evaluasi")) | Q18: =IF(OR(O18="",P18="",O18=0),"",P18/O18) | R18: =IF(Q18="","",1-Q18) | S18: =IF(R18="","",IF(R18>=Panduan!$B$4,"Terserap","Perlu Evaluasi")) | V18: =IF(OR(T18="",U18="",T18=0),"",U18/T18) | W18: =IF(V18="","",1-V18) | X18: =IF(W18="","",IF(W18>=Panduan!$B$4,"Terserap","Perlu Evaluasi")) | AA18: =IF(OR(Y18="",Z18="",Y18=0),"",Z18/Y18) | AB18: =IF(AA18="","",1-AA18) | AC18: =IF(AB18="","",IF(AB18>=Panduan!$B$4,"Terserap","Perlu Evaluasi")) | AF18: =IF(OR(AD18="",AE18="",AD18=0),"",AE18/AD18) | AG18: =IF(AF18="","",1-AF18) | AH18: =IF(AG18="","",IF(AG18>=Panduan!$B$4,"Terserap","Perlu Evaluasi")) | AI18: =IF(COUNTA(J18,O18,T18,Y18,AD18)=0,"",SUM(J18,O18,T18,Y18,AD18)) | AJ18: =IF(COUNTA(K18,P18,U18,Z18,AE18)=0,"",SUM(K18,P18,U18,Z18,AE18)) | AK18: =IF(OR(AI18="",AJ18="",AI18=0),"",AJ18/AI18) | AL18: =IF(AK18="","",1-AK18) | AM18: =IF(AL18="","",IF(AL18>=Panduan!$B$4,"Terserap","Perlu Evaluasi"))
A19: =IF(B19="","",ROW()-6) | C19: =IF(B19="","",CHOOSE(WEEKDAY(B19),"Minggu","Senin","Selasa","Rabu","Kamis","Jumat","Sabtu")) | L19: =IF(OR(J19="",K19="",J19=0),"",K19/J19) | M19: =IF(L19="","",1-L19) | N19: =IF(M19="","",IF(M19>=Panduan!$B$4,"Terserap","Perlu Evaluasi")) | Q19: =IF(OR(O19="",P19="",O19=0),"",P19/O19) | R19: =IF(Q19="","",1-Q19) | S19: =IF(R19="","",IF(R19>=Panduan!$B$4,"Terserap","Perlu Evaluasi")) | V19: =IF(OR(T19="",U19="",T19=0),"",U19/T19) | W19: =IF(V19="","",1-V19) | X19: =IF(W19="","",IF(W19>=Panduan!$B$4,"Terserap","Perlu Evaluasi")) | AA19: =IF(OR(Y19="",Z19="",Y19=0),"",Z19/Y19) | AB19: =IF(AA19="","",1-AA19) | AC19: =IF(AB19="","",IF(AB19>=Panduan!$B$4,"Terserap","Perlu Evaluasi")) | AF19: =IF(OR(AD19="",AE19="",AD19=0),"",AE19/AD19) | AG19: =IF(AF19="","",1-AF19) | AH19: =IF(AG19="","",IF(AG19>=Panduan!$B$4,"Terserap","Perlu Evaluasi")) | AI19: =IF(COUNTA(J19,O19,T19,Y19,AD19)=0,"",SUM(J19,O19,T19,Y19,AD19)) | AJ19: =IF(COUNTA(K19,P19,U19,Z19,AE19)=0,"",SUM(K19,P19,U19,Z19,AE19)) | AK19: =IF(OR(AI19="",AJ19="",AI19=0),"",AJ19/AI19) | AL19: =IF(AK19="","",1-AK19) | AM19: =IF(AL19="","",IF(AL19>=Panduan!$B$4,"Terserap","Perlu Evaluasi"))
A20: =IF(B20="","",ROW()-6) | C20: =IF(B20="","",CHOOSE(WEEKDAY(B20),"Minggu","Senin","Selasa","Rabu","Kamis","Jumat","Sabtu")) | L20: =IF(OR(J20="",K20="",J20=0),"",K20/J20) | M20: =IF(L20="","",1-L20) | N20: =IF(M20="","",IF(M20>=Panduan!$B$4,"Terserap","Perlu Evaluasi")) | Q20: =IF(OR(O20="",P20="",O20=0),"",P20/O20) | R20: =IF(Q20="","",1-Q20) | S20: =IF(R20="","",IF(R20>=Panduan!$B$4,"Terserap","Perlu Evaluasi")) | V20: =IF(OR(T20="",U20="",T20=0),"",U20/T20) | W20: =IF(V20="","",1-V20) | X20: =IF(W20="","",IF(W20>=Panduan!$B$4,"Terserap","Perlu Evaluasi")) | AA20: =IF(OR(Y20="",Z20="",Y20=0),"",Z20/Y20) | AB20: =IF(AA20="","",1-AA20) | AC20: =IF(AB20="","",IF(AB20>=Panduan!$B$4,"Terserap","Perlu Evaluasi")) | AF20: =IF(OR(AD20="",AE20="",AD20=0),"",AE20/AD20) | AG20: =IF(AF20="","",1-AF20) | AH20: =IF(AG20="","",IF(AG20>=Panduan!$B$4,"Terserap","Perlu Evaluasi")) | AI20: =IF(COUNTA(J20,O20,T20,Y20,AD20)=0,"",SUM(J20,O20,T20,Y20,AD20)) | AJ20: =IF(COUNTA(K20,P20,U20,Z20,AE20)=0,"",SUM(K20,P20,U20,Z20,AE20)) | AK20: =IF(OR(AI20="",AJ20="",AI20=0),"",AJ20/AI20) | AL20: =IF(AK20="","",1-AK20) | AM20: =IF(AL20="","",IF(AL20>=Panduan!$B$4,"Terserap","Perlu Evaluasi"))
A21: =IF(B21="","",ROW()-6) | C21: =IF(B21="","",CHOOSE(WEEKDAY(B21),"Minggu","Senin","Selasa","Rabu","Kamis","Jumat","Sabtu")) | L21: =IF(OR(J21="",K21="",J21=0),"",K21/J21) | M21: =IF(L21="","",1-L21) | N21: =IF(M21="","",IF(M21>=Panduan!$B$4,"Terserap","Perlu Evaluasi")) | Q21: =IF(OR(O21="",P21="",O21=0),"",P21/O21) | R21: =IF(Q21="","",1-Q21) | S21: =IF(R21="","",IF(R21>=Panduan!$B$4,"Terserap","Perlu Evaluasi")) | V21: =IF(OR(T21="",U21="",T21=0),"",U21/T21) | W21: =IF(V21="","",1-V21) | X21: =IF(W21="","",IF(W21>=Panduan!$B$4,"Terserap","Perlu Evaluasi")) | AA21: =IF(OR(Y21="",Z21="",Y21=0),"",Z21/Y21) | AB21: =IF(AA21="","",1-AA21) | AC21: =IF(AB21="","",IF(AB21>=Panduan!$B$4,"Terserap","Perlu Evaluasi")) | AF21: =IF(OR(AD21="",AE21="",AD21=0),"",AE21/AD21) | AG21: =IF(AF21="","",1-AF21) | AH21: =IF(AG21="","",IF(AG21>=Panduan!$B$4,"Terserap","Perlu Evaluasi")) | AI21: =IF(COUNTA(J21,O21,T21,Y21,AD21)=0,"",SUM(J21,O21,T21,Y21,AD21)) | AJ21: =IF(COUNTA(K21,P21,U21,Z21,AE21)=0,"",SUM(K21,P21,U21,Z21,AE21)) | AK21: =IF(OR(AI21="",AJ21="",AI21=0),"",AJ21/AI21) | AL21: =IF(AK21="","",1-AK21) | AM21: =IF(AL21="","",IF(AL21>=Panduan!$B$4,"Terserap","Perlu Evaluasi"))
A22: =IF(B22="","",ROW()-6) | C22: =IF(B22="","",CHOOSE(WEEKDAY(B22),"Minggu","Senin","Selasa","Rabu","Kamis","Jumat","Sabtu")) | L22: =IF(OR(J22="",K22="",J22=0),"",K22/J22) | M22: =IF(L22="","",1-L22) | N22: =IF(M22="","",IF(M22>=Panduan!$B$4,"Terserap","Perlu Evaluasi")) | Q22: =IF(OR(O22="",P22="",O22=0),"",P22/O22) | R22: =IF(Q22="","",1-Q22) | S22: =IF(R22="","",IF(R22>=Panduan!$B$4,"Terserap","Perlu Evaluasi")) | V22: =IF(OR(T22="",U22="",T22=0),"",U22/T22) | W22: =IF(V22="","",1-V22) | X22: =IF(W22="","",IF(W22>=Panduan!$B$4,"Terserap","Perlu Evaluasi")) | AA22: =IF(OR(Y22="",Z22="",Y22=0),"",Z22/Y22) | AB22: =IF(AA22="","",1-AA22) | AC22: =IF(AB22="","",IF(AB22>=Panduan!$B$4,"Terserap","Perlu Evaluasi")) | AF22: =IF(OR(AD22="",AE22="",AD22=0),"",AE22/AD22) | AG22: =IF(AF22="","",1-AF22) | AH22: =IF(AG22="","",IF(AG22>=Panduan!$B$4,"Terserap","Perlu Evaluasi")) | AI22: =IF(COUNTA(J22,O22,T22,Y22,AD22)=0,"",SUM(J22,O22,T22,Y22,AD22)) | AJ22: =IF(COUNTA(K22,P22,U22,Z22,AE22)=0,"",SUM(K22,P22,U22,Z22,AE22)) | AK22: =IF(OR(AI22="",AJ22="",AI22=0),"",AJ22/AI22) | AL22: =IF(AK22="","",1-AK22) | AM22: =IF(AL22="","",IF(AL22>=Panduan!$B$4,"Terserap","Perlu Evaluasi"))
... A305: =IF(B305="","",ROW()-6) | C305: =IF(B305="","",CHOOSE(WEEKDAY(B305),"Minggu","Senin","Selasa","Rabu","Kamis","Jumat","Sabtu")) | L305: =IF(OR(J305="",K305="",J305=0),"",K305/J305) | M305: =IF(L305="","",1-L305) | N305: =IF(M305="","",IF(M305>=Panduan!$B$4,"Terserap","Perlu Evaluasi")) | Q305: =IF(OR(O305="",P305="",O305=0),"",P305/O305) | R305: =IF(Q305="","",1-Q305) | S305: =IF(R305="","",IF(R305>=Panduan!$B$4,"Terserap","Perlu Evaluasi")) | V305: =IF(OR(T305="",U305="",T305=0),"",U305/T305) | W305: =IF(V305="","",1-V305) | X305: =IF(W305="","",IF(W305>=Panduan!$B$4,"Terserap","Perlu Evaluasi")) | AA305: =IF(OR(Y305="",Z305="",Y305=0),"",Z305/Y305) | AB305: =IF(AA305="","",1-AA305) | AC305: =IF(AB305="","",IF(AB305>=Panduan!$B$4,"Terserap","Perlu Evaluasi")) | AF305: =IF(OR(AD305="",AE305="",AD305=0),"",AE305/AD305) | AG305: =IF(AF305="","",1-AF305) | AH305: =IF(AG305="","",IF(AG305>=Panduan!$B$4,"Terserap","Perlu Evaluasi")) | AI305: =IF(COUNTA(J305,O305,T305,Y305,AD305)=0,"",SUM(J305,O305,T305,Y305,AD305)) | AJ305: =IF(COUNTA(K305,P305,U305,Z305,AE305)=0,"",SUM(K305,P305,U305,Z305,AE305)) | AK305: =IF(OR(AI305="",AJ305="",AI305=0),"",AJ305/AI305) | AL305: =IF(AK305="","",1-AK305) | AM305: =IF(AL305="","",IF(AL305>=Panduan!$B$4,"Terserap","Perlu Evaluasi"))

Sheet Grafik Item
A1: GRAFIK HARIAN ANALISIS SAMPAH PER ITEM
A2: Grafik membandingkan pemakaian dan sampah harian untuk masing-masing item serta total keseluruhan.

Sheet Dashboard
A1: DASHBOARD ANALISIS SAMPAH MBG
A2: Rekap total sampah per item, total keseluruhan, dan status akhir berdasarkan ambang serapan 80%.
A4: Hari Tercatat | D4: Total Pemakaian Keseluruhan (kg) | G4: Total Sampah Keseluruhan (kg) | J4: % Serapan Keseluruhan | M4: Hari Status Terserap
A5: =COUNT('Input Harian'!B6:B305) -> 5 | D5: =SUM('Input Harian'!AI6:AI305) -> 1273 | G5: =SUM('Input Harian'!AJ6:AJ305) -> 152 | J5: =IFERROR(1-(SUM('Input Harian'!AJ6:AJ305)/SUM('Input Harian'!AI6:AI305)),"") -> 0.88059701 | M5: =COUNTIF('Input Harian'!AM6:AM305,"Terserap") -> 3
A8: Ringkasan Per Item
A9: Item | B9: Total Pemakaian (kg) | C9: Total Sampah (kg) | D9: % Sampah | E9: % Serapan | F9: Ambang Terserap | G9: Maks. Sampah | H9: Status Akhir
A10: Nasi | B10: =SUM('Input Harian'!J6:J305) -> 640 | C10: =SUM('Input Harian'!K6:K305) -> 90 | D10: =IF(B10=0,"",C10/B10) -> 0.140625 | E10: =IF(B10=0,"",1-D10) -> 0.859375 | F10: =Panduan!$B$4 -> 0.8 | G10: =Panduan!$B$5 -> 0.2 | H10: =IF(E10="","",IF(E10>=F10,"Terserap","Perlu Evaluasi")) -> Terserap
A11: Protein Hewani | B11: =SUM('Input Harian'!O6:O305) -> 150 | C11: =SUM('Input Harian'!P6:P305) -> 20 | D11: =IF(B11=0,"",C11/B11) -> 0.13333333 | E11: =IF(B11=0,"",1-D11) -> 0.86666667 | F11: =Panduan!$B$4 -> 0.8 | G11: =Panduan!$B$5 -> 0.2 | H11: =IF(E11="","",IF(E11>=F11,"Terserap","Perlu Evaluasi")) -> Terserap
A12: Sayur | B12: =SUM('Input Harian'!T6:T305) -> 200 | C12: =SUM('Input Harian'!U6:U305) -> 40 | D12: =IF(B12=0,"",C12/B12) -> 0.2 | E12: =IF(B12=0,"",1-D12) -> 0.8 | F12: =Panduan!$B$4 -> 0.8 | G12: =Panduan!$B$5 -> 0.2 | H12: =IF(E12="","",IF(E12>=F12,"Terserap","Perlu Evaluasi")) -> Terserap
A13: Protein Nabati | B13: =SUM('Input Harian'!Y6:Y305) -> 83 | C13: =SUM('Input Harian'!Z6:Z305) -> 2 | D13: =IF(B13=0,"",C13/B13) -> 0.024096386 | E13: =IF(B13=0,"",1-D13) -> 0.97590361 | F13: =Panduan!$B$4 -> 0.8 | G13: =Panduan!$B$5 -> 0.2 | H13: =IF(E13="","",IF(E13>=F13,"Terserap","Perlu Evaluasi")) -> Terserap
A14: Buah | B14: =SUM('Input Harian'!AD6:AD305) -> 200 | C14: =SUM('Input Harian'!AE6:AE305) -> 0 | D14: =IF(B14=0,"",C14/B14) -> 0 | E14: =IF(B14=0,"",1-D14) -> 1 | F14: =Panduan!$B$4 -> 0.8 | G14: =Panduan!$B$5 -> 0.2 | H14: =IF(E14="","",IF(E14>=F14,"Terserap","Perlu Evaluasi")) -> Terserap
A15: TOTAL KESELURUHAN | B15: =SUM('Input Harian'!AI6:AI305) -> 1273 | C15: =SUM('Input Harian'!AJ6:AJ305) -> 152 | D15: =IF(B15=0,"",C15/B15) -> 0.11940299 | E15: =IF(B15=0,"",1-D15) -> 0.88059701 | F15: =Panduan!$B$4 -> 0.8 | G15: =Panduan!$B$5 -> 0.2 | H15: =IF(E15="","",IF(E15>=F15,"Terserap","Perlu Evaluasi")) -> Terserap
A17: Ambang penilaian: status "Terserap" jika serapan minimal 80% dari total pemakaian item.

Sheet Panduan
A1: PANDUAN & PARAMETER ANALISIS SAMPAH MBG
A3: Parameter Penilaian
A4: Ambang minimal serapan agar status = Terserap | B4: 0.8
A5: Ambang maksimal sampah terhadap pemakaian | B5: =1-B4 -> 0.2
A6: Satuan input | B6: kilogram (kg)
A7: Keterangan status | B7: Terserap jika % Serapan >= 80% atau % Sampah <= 20%
A9: Cara Pakai
A10: 1. Isi tanggal, nama menu, jumlah porsi, total pemakaian item, dan jumlah sampah item pada sheet Input Harian.
A11: 2. Semua input berat menggunakan satuan kilogram (kg).
A12: 3. Kolom % Sampah, % Serapan, dan Status akan terhitung otomatis untuk setiap item dan total keseluruhan.
A13: 4. Dashboard menampilkan rekap total sampah per item, total keseluruhan, ambang batas, dan status akhir.
A14: 5. Sheet Grafik Item menampilkan grafik harian untuk masing-masing item agar mudah membandingkan pemakaian dan sampah.
